sampler_label,aggregate_report_count,average,aggregate_report_min,aggregate_report_max,aggregate_report_stddev,aggregate_report_error%,aggregate_report_rate,aggregate_report_bandwidth,average_bytes
req,15112,75,21,1226,98.00932728273021,0.0,125.87249496076896,3056.7459207867237,24867.289902064585
Gesamt,15112,75,21,1226,98.00932728273021,0.0,125.87249496076896,3056.7459207867237,24867.289902064585
