sampler_label,aggregate_report_count,average,aggregate_report_min,aggregate_report_max,aggregate_report_stddev,aggregate_report_error%,aggregate_report_rate,aggregate_report_bandwidth,average_bytes
req,1476,1611,26,17076,1765.3532334104987,0.0,12.086274381356349,294.60231430966576,24959.947154471545
Gesamt,1476,1611,26,17076,1765.3532334104987,0.0,12.086274381356349,294.60231430966576,24959.947154471545
