sampler_label,aggregate_report_count,average,aggregate_report_min,aggregate_report_max,aggregate_report_stddev,aggregate_report_error%,aggregate_report_rate,aggregate_report_bandwidth,average_bytes
req,1264,470,51,2723,392.7665971812016,0.0,10.481276327573052,258.8554158875502,25289.662974683546
Gesamt,1264,470,51,2723,392.7665971812016,0.0,10.481276327573052,258.8554158875502,25289.662974683546
